{
    "roc_auc": 0.995801623638952,
    "threshold": 0.35,
    "confusion_matrix": [
        [
            2725,
            40
        ],
        [
            8,
            227
        ]
    ],
    "classification_report": {
        "0": {
            "precision": 0.9970728137577753,
            "recall": 0.9855334538878843,
            "f1-score": 0.991269552564569,
            "support": 2765.0
        },
        "1": {
            "precision": 0.850187265917603,
            "recall": 0.9659574468085106,
            "f1-score": 0.9043824701195219,
            "support": 235.0
        },
        "accuracy": 0.984,
        "macro avg": {
            "precision": 0.9236300398376891,
            "recall": 0.9757454503481975,
            "f1-score": 0.9478260113420454,
            "support": 3000.0
        },
        "weighted avg": {
            "precision": 0.985566779176962,
            "recall": 0.984,
            "f1-score": 0.9844633977730404,
            "support": 3000.0
        }
    }
}