{
    "roc_auc": 0.9904915514592934,
    "threshold": 0.35,
    "confusion_matrix": [
        [
            2656,
            134
        ],
        [
            9,
            201
        ]
    ],
    "classification_report": {
        "0": {
            "precision": 0.9966228893058161,
            "recall": 0.9519713261648746,
            "f1-score": 0.9737855178735105,
            "support": 2790.0
        },
        "1": {
            "precision": 0.6,
            "recall": 0.9571428571428572,
            "f1-score": 0.7376146788990826,
            "support": 210.0
        },
        "accuracy": 0.9523333333333334,
        "macro avg": {
            "precision": 0.798311444652908,
            "recall": 0.9545570916538659,
            "f1-score": 0.8557000983862966,
            "support": 3000.0
        },
        "weighted avg": {
            "precision": 0.9688592870544089,
            "recall": 0.9523333333333334,
            "f1-score": 0.9572535591453006,
            "support": 3000.0
        }
    }
}