{
    "roc_auc": 0.9965753541559993,
    "threshold": 0.35,
    "confusion_matrix": [
        [
            2746,
            44
        ],
        [
            10,
            200
        ]
    ],
    "classification_report": {
        "0": {
            "precision": 0.9963715529753265,
            "recall": 0.9842293906810036,
            "f1-score": 0.9902632527948071,
            "support": 2790.0
        },
        "1": {
            "precision": 0.819672131147541,
            "recall": 0.9523809523809523,
            "f1-score": 0.8810572687224669,
            "support": 210.0
        },
        "accuracy": 0.982,
        "macro avg": {
            "precision": 0.9080218420614338,
            "recall": 0.968305171530978,
            "f1-score": 0.9356602607586371,
            "support": 3000.0
        },
        "weighted avg": {
            "precision": 0.9840025934473815,
            "recall": 0.982,
            "f1-score": 0.9826188339097433,
            "support": 3000.0
        }
    }
}