{
    "roc_auc": 0.9978178870114355,
    "threshold": 0.35,
    "confusion_matrix": [
        [
            2757,
            33
        ],
        [
            7,
            203
        ]
    ],
    "classification_report": {
        "0": {
            "precision": 0.9974674384949349,
            "recall": 0.9881720430107527,
            "f1-score": 0.9927979834353619,
            "support": 2790.0
        },
        "1": {
            "precision": 0.8601694915254238,
            "recall": 0.9666666666666667,
            "f1-score": 0.9103139013452914,
            "support": 210.0
        },
        "accuracy": 0.9866666666666667,
        "macro avg": {
            "precision": 0.9288184650101794,
            "recall": 0.9774193548387097,
            "f1-score": 0.9515559423903266,
            "support": 3000.0
        },
        "weighted avg": {
            "precision": 0.9878565822070693,
            "recall": 0.9866666666666667,
            "f1-score": 0.987024097689057,
            "support": 3000.0
        }
    }
}